work_year,experience_level,employment_type,job_title,salary_in_usd,employee_residence,work_type,company_location,company_size
2020,MI,FT,Data Scientist,79833,Germany,On-site,Germany,L
2020,SE,FT,Machine Learning Scientist,260000,Japan,On-site,Japan,S
2020,SE,FT,Big Data Engineer,109024,Great Britain,Partially Remote,Great Britain,M
2020,MI,FT,Product Data Analyst,20000,Honduras,On-site,Honduras,S
2020,SE,FT,Machine Learning Engineer,150000,United States,Partially Remote,United States,L
2020,EN,FT,Data Analyst,72000,United States,Remote,United States,L
2020,SE,FT,Lead Data Scientist,190000,United States,Remote,United States,S
2020,MI,FT,Data Scientist,35735,Hungary,Partially Remote,Hungary,L
2020,MI,FT,Business Data Analyst,135000,United States,Remote,United States,L
2020,SE,FT,Lead Data Engineer,125000,New Zealand,Partially Remote,New Zealand,S
2020,EN,FT,Data Scientist,51321,France,On-site,France,S
2020,MI,FT,Data Scientist,40481,India,On-site,India,L
2020,EN,FT,Data Scientist,39916,France,On-site,France,M
2020,MI,FT,Lead Data Analyst,87000,United States,Remote,United States,L
2020,MI,FT,Data Analyst,85000,United States,Remote,United States,L
2020,MI,FT,Data Analyst,8000,Pakistan,Partially Remote,Pakistan,L
2020,EN,FT,Data Engineer,41689,Japan,Remote,Japan,S
2020,SE,FT,Big Data Engineer,114047,Poland,Remote,Great Britain,S
2020,EN,FT,Data Science Consultant,5707,India,Partially Remote,India,M
2020,MI,FT,Lead Data Engineer,56000,Portugal,Remote,United States,M
2020,MI,FT,Machine Learning Engineer,43331,China,On-site,China,M
2020,MI,FT,Product Data Analyst,6072,India,Remote,India,L
2020,SE,FT,Data Engineer,47899,Greece,Partially Remote,Greece,L
2020,MI,FT,BI Data Analyst,98000,United States,On-site,United States,M
2020,MI,FT,Lead Data Scientist,115000,United Arab Emirates,On-site,United Arab Emirates,L
2020,EX,FT,Director of Data Science,325000,United States,Remote,United States,L
2020,EN,FT,Research Scientist,42000,Netherlands,Partially Remote,Netherlands,L
2020,SE,FT,Data Engineer,33511,Mexico,On-site,Mexico,S
2020,EN,CT,Business Data Analyst,100000,United States,Remote,United States,L
2020,SE,FT,Machine Learning Manager,117104,Canada,Partially Remote,Canada,L
2020,MI,FT,Data Engineering Manager,59303,Germany,Remote,Germany,S
2020,EN,FT,Big Data Engineer,70000,United States,Remote,United States,L
2020,SE,FT,Data Scientist,68428,Greece,Remote,United States,L
2020,MI,FT,Research Scientist,450000,United States,On-site,United States,M
2020,MI,FT,Data Analyst,46759,France,Partially Remote,France,L
2020,MI,FT,Data Engineer,74130,Austria,Partially Remote,Austria,L
2020,MI,FT,Data Science Consultant,103000,United States,Remote,United States,L
2020,EN,FT,Machine Learning Engineer,250000,United States,Partially Remote,United States,L
2020,EN,FT,Data Analyst,10000,Nigeria,Remote,Nigeria,S
2020,EN,FT,Machine Learning Engineer,138000,United States,Remote,United States,S
2020,MI,FT,Data Scientist,45760,Philippines,Remote,United States,S
2020,EX,FT,Data Engineering Manager,79833,Spain,Partially Remote,Spain,L
2020,MI,FT,Machine Learning Infrastructure Engineer,50180,Portugal,On-site,Portugal,M
2020,MI,FT,Data Engineer,106000,United States,Remote,United States,L
2020,MI,FT,Data Engineer,112872,Great Britain,Partially Remote,Great Britain,L
2020,EN,PT,ML Engineer,15966,Germany,Remote,Germany,S
2020,MI,FT,Data Scientist,76958,Great Britain,Remote,Great Britain,S
2020,SE,FT,Data Engineer,188000,United States,Remote,United States,L
2020,MI,FT,Data Scientist,105000,United States,Remote,United States,L
2020,MI,FT,Data Engineer,70139,France,Partially Remote,France,L
2020,EN,FT,Data Analyst,6072,India,On-site,India,S
2020,EN,FT,Data Analyst,91000,United States,Remote,United States,L
2020,EN,FT,AI Scientist,45896,Denmark,Partially Remote,Denmark,S
2020,EN,FT,Data Engineer,54742,Pakistan,Remote,Germany,L
2020,SE,FL,Computer Vision Engineer,60000,Russian Federation,Remote,United States,S
2020,SE,FT,Principal Data Scientist,148261,Germany,Remote,Germany,M
2020,MI,FT,Data Scientist,38776,Spain,Remote,Spain,M
2020,MI,FT,Data Scientist,118000,United States,Remote,United States,M
2020,SE,FT,Data Scientist,120000,United States,Partially Remote,United States,L
2020,MI,FT,Data Scientist,138350,United States,Remote,United States,M
2020,MI,FT,Data Engineer,110000,United States,Remote,United States,L
2020,MI,FT,Data Engineer,130800,Spain,Remote,United States,M
2020,EN,PT,Data Scientist,21669,Italy,Partially Remote,Italy,S
2020,SE,FT,Data Scientist,412000,United States,Remote,United States,L
2020,SE,FT,Machine Learning Engineer,45618,Croatia,Remote,Croatia,S
2020,EN,FT,Data Scientist,62726,Germany,Partially Remote,Germany,S
2020,EN,FT,Data Scientist,49268,Germany,On-site,Germany,S
2020,SE,FT,Data Science Manager,190200,United States,Remote,United States,M
2020,EN,FT,Data Scientist,105000,United States,Remote,United States,S
2020,SE,FT,Data Scientist,91237,Austria,On-site,Austria,S
2020,MI,FT,Data Scientist,62726,France,Partially Remote,Luxembourg,S
2020,MI,FT,Data Scientist,42197,France,Partially Remote,France,S
2021,EN,FT,Research Scientist,82528,Great Britain,Partially Remote,Great Britain,L
2021,EX,FT,BI Data Analyst,150000,India,Remote,United States,L
2021,EX,FT,Head of Data,235000,United States,Remote,United States,L
2021,SE,FT,Data Scientist,53192,France,Partially Remote,France,L
2021,MI,FT,BI Data Analyst,100000,United States,Remote,United States,M
2021,MI,PT,3D Computer Vision Researcher,5409,India,Partially Remote,India,M
2021,MI,CT,ML Engineer,270000,United States,Remote,United States,L
2021,EN,FT,Data Analyst,80000,United States,Remote,United States,M
2021,SE,FT,Data Analytics Engineer,79197,Germany,Remote,Germany,L
2021,MI,FT,Data Engineer,140000,United States,Remote,United States,L
2021,MI,FT,Applied Data Scientist,54238,Great Britain,Partially Remote,Canada,L
2021,MI,FT,Machine Learning Engineer,47282,Spain,Remote,Spain,S
2021,EX,FT,Director of Data Science,153667,Italy,Remote,Poland,L
2021,MI,FT,Data Engineer,28476,Poland,Remote,Poland,L
2021,EN,FT,Data Analyst,59102,France,Partially Remote,France,M
2021,MI,FT,Data Analytics Engineer,110000,United States,Remote,United States,L
2021,SE,FT,Lead Data Analyst,170000,United States,Remote,United States,L
2021,SE,FT,Data Analyst,80000,Bulgaria,Remote,United States,S
2021,SE,FT,Marketing Data Analyst,88654,Greece,Remote,Denmark,L
2021,EN,FT,Data Science Consultant,76833,Germany,Remote,Germany,S
2021,MI,FT,Lead Data Analyst,19609,India,Remote,India,L
2021,SE,FT,Lead Data Engineer,276000,United States,On-site,United States,L
2021,EN,FT,Data Scientist,29751,India,Partially Remote,India,L
2021,MI,FT,Cloud Data Engineer,89294,Singapore,Partially Remote,Singapore,L
2021,EN,PT,AI Scientist,12000,Brazil,Remote,United States,S
2021,MI,FT,Financial Data Analyst,450000,United States,Remote,United States,L
2021,EN,FT,Computer Vision Software Engineer,70000,United States,Remote,United States,M
2021,MI,FT,Computer Vision Software Engineer,95746,Germany,Remote,United States,S
2021,MI,FT,Data Analyst,75000,United States,On-site,United States,L
2021,SE,FT,Data Engineer,150000,United States,Remote,United States,L
2021,MI,FT,BI Data Analyst,36259,Hungary,Partially Remote,United States,L
2021,MI,FT,Data Analyst,62000,United States,On-site,United States,L
2021,MI,FT,Data Scientist,73000,United States,On-site,United States,L
2021,MI,FT,Data Analyst,51519,Great Britain,Partially Remote,Great Britain,L
2021,MI,FT,Research Scientist,187442,Canada,Remote,Canada,L
2021,SE,FT,Data Engineer,115000,United States,Remote,United States,S
2021,SE,FT,Data Engineer,150000,United States,Remote,United States,M
2021,EN,FT,Data Engineer,30428,India,Remote,India,L
2021,SE,FT,Machine Learning Engineer,94564,Germany,Partially Remote,Germany,L
2021,SE,FT,Director of Data Engineering,113476,Great Britain,Remote,Great Britain,M
2021,SE,FT,Lead Data Engineer,103160,Great Britain,Remote,Great Britain,S
2021,EN,PT,AI Scientist,12000,Pakistan,Remote,United States,M
2021,MI,FT,Data Engineer,45391,Netherlands,Remote,Netherlands,L
2021,EN,FT,Machine Learning Scientist,225000,United States,Remote,United States,L
2021,MI,FT,Data Scientist,50000,Nigeria,Remote,Nigeria,L
2021,MI,FT,Data Science Engineer,40189,Greece,Remote,Greece,M
2021,EN,FT,Data Analyst,90000,United States,Remote,United States,S
2021,MI,FT,Data Engineer,200000,United States,Remote,United States,L
2021,MI,FT,Big Data Engineer,60000,Spain,Partially Remote,Romania,M
2021,SE,FT,Principal Data Engineer,200000,United States,Remote,United States,M
2021,EN,FT,Data Analyst,50000,United States,Remote,United States,M
2021,EN,FT,Applied Data Scientist,110037,Great Britain,On-site,Great Britain,L
2021,EN,PT,Data Analyst,10354,Spain,Partially Remote,Spain,M
2021,MI,FT,Principal Data Scientist,151000,United States,Remote,United States,L
2021,SE,FT,Machine Learning Scientist,120000,United States,Partially Remote,United States,S
2021,MI,FT,Data Scientist,9466,India,On-site,India,S
2021,EN,FT,Machine Learning Engineer,20000,India,Remote,India,S
2021,SE,FT,Lead Data Scientist,40570,India,Partially Remote,India,L
2021,EN,FT,Machine Learning Developer,100000,Iraq,Partially Remote,Iraq,S
2021,EN,FT,Data Scientist,49646,France,Partially Remote,France,M
2021,MI,FT,Applied Machine Learning Scientist,38400,Viet Nam,Remote,United States,M
2021,SE,FT,Computer Vision Engineer,24000,Brazil,Remote,Brazil,M
2021,EN,FT,Data Scientist,100000,United States,On-site,United States,S
2021,MI,FT,Data Analyst,90000,United States,Remote,United States,M
2021,MI,FT,ML Engineer,63711,Japan,Partially Remote,Japan,S
2021,MI,FT,ML Engineer,77364,Japan,Partially Remote,Japan,S
2021,SE,FT,Principal Data Scientist,220000,United States,On-site,United States,L
2021,EN,FT,Data Scientist,80000,United States,Remote,United States,M
2021,MI,FT,Data Analyst,135000,United States,Remote,United States,L
2021,SE,FT,Data Science Manager,240000,United States,On-site,United States,L
2021,SE,FT,Data Engineering Manager,150000,United States,On-site,United States,L
2021,MI,FT,Data Scientist,82500,United States,Remote,United States,S
2021,MI,FT,Data Engineer,100000,United States,Remote,United States,L
2021,SE,FT,Machine Learning Engineer,82744,Belgium,Partially Remote,Belgium,M
2021,MI,FT,Research Scientist,62649,France,Partially Remote,France,M
2021,MI,FT,Data Engineer,90000,United States,Remote,United States,L
2021,SE,FT,Data Engineering Manager,153000,United States,Remote,United States,L
2021,SE,FT,Cloud Data Engineer,160000,Brazil,Remote,United States,S
2021,SE,FT,Director of Data Science,168000,Japan,On-site,Japan,S
2021,MI,FT,Data Scientist,150000,United States,Remote,United States,M
2021,MI,FT,Data Scientist,75774,Canada,Remote,Canada,L
2021,EN,FT,Data Scientist,13400,Ukraine,Remote,Ukraine,L
2021,SE,FT,Data Science Manager,144000,United States,Remote,United States,L
2021,SE,FT,Data Science Engineer,127221,Canada,Partially Remote,Canada,L
2021,MI,FT,Data Scientist,119059,Singapore,Remote,Israel,M
2021,MI,FT,Applied Machine Learning Scientist,423000,United States,Partially Remote,United States,L
2021,SE,FT,Data Analytics Manager,120000,United States,Remote,United States,M
2021,EN,FT,Machine Learning Engineer,125000,United States,Remote,United States,S
2021,EX,FT,Head of Data,230000,Russian Federation,Partially Remote,Russian Federation,L
2021,EX,FT,Head of Data Science,85000,Russian Federation,On-site,Russian Federation,M
2021,MI,FT,Data Engineer,28369,Malta,Partially Remote,Malta,L
2021,EN,FT,Data Science Consultant,63831,Germany,Partially Remote,Germany,L
2021,EX,FT,Director of Data Science,130026,Germany,Partially Remote,Germany,M
2021,SE,FT,Data Specialist,165000,United States,Remote,United States,L
2021,EN,FT,Data Engineer,80000,United States,Remote,United States,L
2021,EX,FT,Director of Data Science,250000,United States,On-site,United States,L
2021,EN,FT,BI Data Analyst,55000,United States,Partially Remote,United States,S
2021,MI,FT,Data Architect,150000,United States,Remote,United States,L
2021,MI,FT,Data Architect,170000,United States,Remote,United States,L
2021,MI,FT,Data Engineer,82528,Great Britain,Remote,Great Britain,L
2021,EN,FT,Data Analyst,60000,United States,Remote,United States,S
2021,SE,FT,Principal Data Scientist,235000,United States,Remote,United States,L
2021,SE,FT,Research Scientist,60757,Portugal,Partially Remote,Portugal,L
2021,SE,FT,Data Engineering Manager,174000,United States,Remote,United States,L
2021,MI,FT,Data Scientist,2859,Mexico,On-site,Mexico,S
2021,MI,FT,Data Scientist,40038,Chile,Remote,Chile,L
2021,EN,FT,Machine Learning Engineer,81000,United States,Partially Remote,United States,S
2021,MI,FT,Data Scientist,5679,India,Remote,United States,S
2021,MI,FT,Big Data Engineer,22611,India,On-site,India,L
2021,MI,FT,Data Scientist,90734,Germany,Partially Remote,Germany,L
2021,MI,FT,Data Engineer,26005,Romania,On-site,United States,L
2021,SE,FT,Finance Data Analyst,61896,Great Britain,Partially Remote,Great Britain,L
2021,MI,FL,Machine Learning Scientist,12000,Pakistan,Partially Remote,Pakistan,M
2021,MI,FT,Data Engineer,4000,Iran,Remote,Iran,M
2021,SE,FT,Data Analytics Engineer,50000,Viet Nam,Remote,Great Britain,M
2021,EX,FT,Data Science Consultant,69741,France,Remote,Spain,S
2021,SE,FT,Data Engineer,76833,Romania,Partially Remote,Great Britain,S
2021,MI,FT,Machine Learning Engineer,74000,Japan,Partially Remote,Japan,S
2021,SE,FT,Data Science Manager,152000,United States,Remote,France,L
2021,EN,FT,Machine Learning Engineer,21844,Colombia,Partially Remote,Colombia,M
2021,MI,FT,Big Data Engineer,18000,Moldova,On-site,Moldova,S
2021,SE,FT,Data Science Manager,174000,United States,Remote,United States,L
2021,SE,FT,Research Scientist,96113,Canada,Partially Remote,Canada,L
2021,MI,FT,Data Scientist,147000,United States,Partially Remote,United States,L
2021,EN,FT,BI Data Analyst,9272,Kenya,Remote,Kenya,S
2021,SE,FT,Machine Learning Engineer,24342,India,Remote,India,L
2021,SE,FT,Data Science Manager,54094,India,Partially Remote,United States,L
2021,EN,FT,Data Science Consultant,90000,United States,Remote,United States,S
2021,MI,FT,Data Scientist,61467,Germany,Partially Remote,Austria,M
2021,SE,FT,Machine Learning Infrastructure Engineer,195000,United States,Remote,United States,M
2021,MI,FT,Data Scientist,37825,Spain,Remote,Spain,L
2021,SE,FT,Research Scientist,50000,France,Remote,United States,S
2021,MI,FT,Data Scientist,160000,United States,Remote,United States,L
2021,MI,FT,Data Scientist,12901,Brazil,On-site,Brazil,S
2021,SE,FT,Machine Learning Engineer,200000,United States,Remote,United States,L
2021,SE,FT,Data Engineer,165000,United States,On-site,United States,M
2021,MI,FL,Data Engineer,20000,Italy,On-site,United States,L
2021,SE,FT,Data Analytics Manager,120000,United States,On-site,United States,L
2021,MI,FT,Machine Learning Engineer,24823,Slovenia,Partially Remote,Slovenia,L
2021,MI,FT,Research Scientist,56738,France,Partially Remote,France,S
2021,MI,FT,Data Engineer,66022,Hong Kong,Partially Remote,Great Britain,S
2021,EN,FT,Big Data Engineer,5882,India,On-site,Switzerland,L
2021,EN,FT,Machine Learning Engineer,24823,Germany,Partially Remote,Germany,M
2021,SE,FT,Principal Data Engineer,185000,United States,Remote,United States,L
2021,EN,PT,Computer Vision Engineer,28609,Denmark,Partially Remote,Denmark,S
2021,MI,FT,Data Scientist,90734,Germany,Partially Remote,Germany,L
2021,MI,FT,Machine Learning Engineer,88654,Belgium,Remote,Belgium,M
2021,SE,FT,Data Analytics Manager,140000,United States,Remote,United States,L
2021,MI,FT,Machine Learning Engineer,46597,Poland,Remote,Poland,L
2021,MI,FT,Data Scientist,116914,Great Britain,Partially Remote,Great Britain,L
2021,MI,FT,Data Scientist,33808,India,On-site,India,M
2021,MI,FT,Data Scientist,56256,Great Britain,Partially Remote,Great Britain,L
2021,SE,FT,Machine Learning Scientist,225000,United States,Remote,Canada,L
2021,EX,CT,Principal Data Scientist,416000,United States,Remote,United States,S
2021,SE,FT,Data Scientist,87738,Canada,Remote,Canada,S
2021,MI,FT,Data Scientist,88654,Germany,Partially Remote,Germany,L
2021,SE,FT,Data Scientist,135000,United States,On-site,United States,L
2021,SE,FT,Data Analyst,71786,Canada,Remote,Canada,M
2021,EN,FT,Big Data Engineer,16228,India,Remote,India,L
2021,SE,FT,ML Engineer,256000,United States,Remote,United States,S
2021,SE,FT,Director of Data Engineering,200000,United States,Remote,United States,L
2021,SE,FT,Data Analyst,200000,United States,Remote,United States,L
2021,MI,FT,Data Architect,180000,United States,Remote,United States,L
2021,MI,FT,Head of Data Science,110000,United States,On-site,United States,S
2021,MI,FT,Research Scientist,63810,Canada,Remote,Canada,M
2021,MI,FT,Data Scientist,46809,Spain,Remote,Spain,M
2021,EN,FT,Data Scientist,4000,Viet Nam,On-site,Viet Nam,M
2021,EN,FT,Data Engineer,21637,India,Partially Remote,India,M
2021,SE,FT,Data Scientist,103691,Canada,Remote,Canada,L
2021,MI,FT,Data Analyst,80000,United States,Remote,United States,L
2021,MI,FT,Data Engineer,110000,United States,Remote,United States,L
2021,SE,FT,Data Scientist,165000,United States,Remote,United States,L
2021,EN,FT,AI Scientist,18053,India,Remote,American Samoa,S
2021,MI,FT,Data Engineer,72212,Great Britain,Partially Remote,Great Britain,L
2021,EN,FT,Data Scientist,36643,France,Partially Remote,France,L
2021,MI,FT,Data Engineer,12103,Turkey,On-site,Turkey,M
2021,SE,FT,Data Engineer,96282,Great Britain,Partially Remote,Great Britain,L
2021,SE,FT,Principal Data Analyst,170000,United States,Remote,United States,M
2021,MI,FT,Data Scientist,115000,United States,Partially Remote,United States,L
2021,EN,FT,Data Scientist,90000,United States,Remote,United States,S
2021,EX,FT,Principal Data Engineer,600000,United States,Remote,United States,L
2021,EN,FT,Data Scientist,28399,India,Remote,India,M
2021,MI,FT,Data Analyst,93000,United States,Remote,United States,L
2021,SE,FT,Big Data Architect,99703,Canada,Partially Remote,Canada,M
2021,MI,FT,Data Engineer,200000,United States,Remote,United States,L
2021,SE,FT,Principal Data Scientist,173762,Germany,Remote,Germany,M
2021,SE,FT,Machine Learning Engineer,185000,United States,Partially Remote,United States,L
2021,EX,FT,Director of Data Science,141846,Germany,On-site,Germany,L
2021,MI,FT,Data Scientist,130000,United States,Partially Remote,United States,L
2021,SE,FT,Data Analyst,63831,Germany,Partially Remote,Germany,L
2021,MI,FT,Data Scientist,16904,India,Remote,India,S
2021,SE,FT,Machine Learning Engineer,66265,India,On-site,India,L
2021,MI,FT,Data Scientist,25532,Serbia,Remote,Germany,S
2021,SE,FT,Lead Data Engineer,160000,Puerto Rico,Partially Remote,United States,S
2021,MI,FT,Data Engineer,93150,United States,On-site,United States,M
2021,MI,FT,Data Engineer,111775,United States,On-site,United States,M
2021,MI,FT,Data Engineer,28016,Turkey,Remote,Turkey,M
2021,EN,FT,Data Engineer,65013,Germany,Partially Remote,Germany,M
2021,EN,FT,Data Engineer,72500,United States,Remote,United States,L
2021,SE,FT,Computer Vision Engineer,18907,Brazil,On-site,Brazil,M
2021,EN,FT,Data Science Consultant,76833,Germany,On-site,Germany,L
2021,EN,FT,Machine Learning Engineer,85000,Netherlands,Remote,Germany,S
2021,SE,FT,Data Scientist,77684,France,Partially Remote,France,M
2021,EN,FT,Data Scientist,100000,United States,Remote,United States,M
2021,EN,FT,Data Scientist,58000,United States,Partially Remote,United States,L
2021,SE,FT,AI Scientist,55000,Spain,Remote,Spain,L
2021,SE,FT,Data Scientist,20171,Turkey,Partially Remote,Turkey,L
2021,EN,FT,Business Data Analyst,59102,Luxembourg,Remote,Luxembourg,L
2021,MI,FT,Data Engineer,112000,United States,Remote,United States,L
2021,EN,FT,Research Scientist,100000,Jersey,On-site,China,L
2021,MI,PT,Data Engineer,69741,Netherlands,Remote,Netherlands,L
2021,SE,CT,Staff Data Scientist,105000,United States,Remote,United States,M
2021,MI,FT,Research Scientist,69999,Czechia,Partially Remote,Czechia,L
2021,SE,FT,Data Science Manager,94665,India,Partially Remote,India,L
2021,SE,FT,Head of Data,102839,Slovenia,Remote,Slovenia,L
2021,MI,FT,Data Scientist,109000,United States,Partially Remote,United States,L
2021,MI,FT,Machine Learning Engineer,51064,Italy,Partially Remote,Italy,L
2022,SE,FT,Data Engineer,135000,United States,Remote,United States,M
2022,SE,FT,Data Analyst,155000,United States,Remote,United States,M
2022,SE,FT,Data Analyst,120600,United States,Remote,United States,M
2022,MI,FT,Data Scientist,130000,United States,On-site,United States,M
2022,MI,FT,Data Scientist,90000,United States,On-site,United States,M
2022,MI,FT,Data Engineer,170000,United States,Remote,United States,M
2022,MI,FT,Data Engineer,150000,United States,Remote,United States,M
2022,SE,FT,Data Analyst,102100,United States,Remote,United States,M
2022,SE,FT,Data Analyst,84900,United States,Remote,United States,M
2022,SE,FT,Data Scientist,136620,United States,Remote,United States,M
2022,SE,FT,Data Scientist,99360,United States,Remote,United States,M
2022,SE,FT,Data Scientist,117789,Great Britain,On-site,Great Britain,M
2022,SE,FT,Data Scientist,104702,Great Britain,On-site,Great Britain,M
2022,SE,FT,Data Scientist,146000,United States,Remote,United States,M
2022,SE,FT,Data Scientist,123000,United States,Remote,United States,M
2022,EN,FT,Data Engineer,52351,Great Britain,Remote,Great Britain,M
2022,SE,FT,Data Analyst,99000,United States,On-site,United States,M
2022,SE,FT,Data Analyst,116000,United States,On-site,United States,M
2022,MI,FT,Data Analyst,106260,United States,On-site,United States,M
2022,MI,FT,Data Analyst,126500,United States,On-site,United States,M
2022,EX,FT,Data Engineer,242000,United States,Remote,United States,M
2022,EX,FT,Data Engineer,200000,United States,Remote,United States,M
2022,MI,FT,Data Scientist,65438,Great Britain,On-site,Great Britain,M
2022,MI,FT,Data Scientist,39263,Great Britain,On-site,Great Britain,M
2022,MI,FT,Data Engineer,78526,Great Britain,On-site,Great Britain,M
2022,MI,FT,Data Engineer,52351,Great Britain,On-site,Great Britain,M
2022,SE,FT,Data Scientist,165220,United States,Remote,United States,M
2022,EN,FT,Data Engineer,45807,Great Britain,Remote,Great Britain,M
2022,SE,FT,Data Scientist,120160,United States,Remote,United States,M
2022,SE,FT,Data Analyst,90320,United States,Remote,United States,M
2022,SE,FT,Data Engineer,181940,United States,On-site,United States,M
2022,SE,FT,Data Engineer,132320,United States,On-site,United States,M
2022,SE,FT,Data Engineer,220110,United States,On-site,United States,M
2022,SE,FT,Data Engineer,160080,United States,On-site,United States,M
2022,SE,FT,Data Scientist,180000,United States,On-site,United States,L
2022,SE,FT,Data Scientist,120000,United States,On-site,United States,L
2022,SE,FT,Data Analyst,124190,United States,Remote,United States,M
2022,EX,FT,Data Analyst,130000,United States,Remote,United States,M
2022,EX,FT,Data Analyst,110000,United States,Remote,United States,M
2022,SE,FT,Data Analyst,170000,United States,Remote,United States,M
2022,MI,FT,Data Analyst,115500,United States,Remote,United States,M
2022,SE,FT,Data Analyst,112900,United States,Remote,United States,M
2022,SE,FT,Data Analyst,90320,United States,Remote,United States,M
2022,SE,FT,Data Analyst,112900,United States,Remote,United States,M
2022,SE,FT,Data Analyst,90320,United States,Remote,United States,M
2022,SE,FT,Data Engineer,165400,United States,Remote,United States,M
2022,SE,FT,Data Engineer,132320,United States,Remote,United States,M
2022,MI,FT,Data Analyst,167000,United States,Remote,United States,M
2022,SE,FT,Data Engineer,243900,United States,Remote,United States,M
2022,SE,FT,Data Analyst,136600,United States,Remote,United States,M
2022,SE,FT,Data Analyst,109280,United States,Remote,United States,M
2022,SE,FT,Data Engineer,128875,United States,Remote,United States,M
2022,SE,FT,Data Engineer,93700,United States,Remote,United States,M
2022,EX,FT,Head of Data Science,224000,United States,Remote,United States,M
2022,EX,FT,Head of Data Science,167875,United States,Remote,United States,M
2022,EX,FT,Analytics Engineer,175000,United States,Remote,United States,M
2022,SE,FT,Data Engineer,156600,United States,Remote,United States,M
2022,SE,FT,Data Engineer,108800,United States,On-site,United States,M
2022,SE,FT,Data Scientist,95550,United States,On-site,United States,M
2022,SE,FT,Data Engineer,113000,United States,On-site,United States,L
2022,SE,FT,Data Analyst,135000,United States,Remote,United States,M
2022,SE,FT,Data Science Manager,161342,United States,Remote,United States,M
2022,SE,FT,Data Science Manager,137141,United States,Remote,United States,M
2022,SE,FT,Data Scientist,167000,United States,Remote,United States,M
2022,SE,FT,Data Scientist,123000,United States,Remote,United States,M
2022,SE,FT,Data Engineer,78526,Great Britain,On-site,Great Britain,M
2022,SE,FT,Data Engineer,65438,Great Britain,On-site,Great Britain,M
2022,SE,FT,Data Scientist,150000,United States,On-site,United States,M
2022,SE,FT,Data Scientist,211500,United States,Remote,United States,M
2022,SE,FT,Data Architect,192400,Canada,Remote,Canada,M
2022,SE,FT,Data Architect,90700,Canada,Remote,Canada,M
2022,SE,FT,Data Analyst,130000,Canada,Remote,Canada,M
2022,SE,FT,Data Analyst,61300,Canada,Remote,Canada,M
2022,SE,FT,Data Analyst,130000,Canada,Remote,Canada,M
2022,SE,FT,Data Analyst,61300,Canada,Remote,Canada,M
2022,SE,FT,Data Engineer,160000,United States,On-site,United States,L
2022,SE,FT,Data Scientist,138600,United States,Remote,United States,M
2022,SE,FT,Data Engineer,136000,United States,On-site,United States,M
2022,MI,FT,Data Analyst,58000,United States,On-site,United States,S
2022,EX,FT,Analytics Engineer,135000,United States,Remote,United States,M
2022,SE,FT,Data Scientist,170000,United States,Remote,United States,M
2022,SE,FT,Data Scientist,123000,United States,Remote,United States,M
2022,SE,FT,Machine Learning Engineer,189650,United States,On-site,United States,M
2022,SE,FT,Machine Learning Engineer,164996,United States,On-site,United States,M
2022,MI,FT,ETL Developer,54957,Greece,On-site,Greece,M
2022,MI,FT,ETL Developer,54957,Greece,On-site,Greece,M
2022,EX,FT,Lead Data Engineer,118187,Canada,Remote,Canada,S
2022,SE,FT,Data Analyst,132000,United States,On-site,United States,M
2022,SE,FT,Data Engineer,165400,United States,Remote,United States,M
2022,SE,FT,Data Architect,208775,United States,Remote,United States,M
2022,SE,FT,Data Architect,147800,United States,Remote,United States,M
2022,SE,FT,Data Engineer,136994,United States,Remote,United States,M
2022,SE,FT,Data Engineer,101570,United States,Remote,United States,M
2022,SE,FT,Data Analyst,128875,United States,Remote,United States,M
2022,SE,FT,Data Analyst,93700,United States,Remote,United States,M
2022,EX,FT,Head of Machine Learning,79039,India,Partially Remote,India,L
2022,SE,FT,Data Engineer,132320,United States,Remote,United States,M
2022,EN,FT,Machine Learning Engineer,37300,Great Britain,Remote,Great Britain,L
2022,SE,FT,Data Analyst,164000,United States,On-site,United States,M
2022,SE,FT,Data Engineer,155000,United States,Remote,United States,M
2022,MI,FT,Machine Learning Engineer,124333,Great Britain,On-site,Great Britain,M
2022,MI,FT,Machine Learning Engineer,98158,Great Britain,On-site,Great Britain,M
2022,MI,FT,AI Scientist,120000,United States,On-site,United States,M
2022,SE,FT,Data Analyst,112900,United States,Remote,United States,M
2022,SE,FT,Data Analyst,90320,United States,Remote,United States,M
2022,SE,FT,Data Analytics Manager,145000,United States,Remote,United States,M
2022,SE,FT,Data Analytics Manager,105400,United States,Remote,United States,M
2022,MI,FT,Machine Learning Engineer,87932,France,Remote,Germany,M
2022,MI,FT,Data Engineer,117789,Great Britain,On-site,Great Britain,M
2022,SE,FT,Data Scientist,215300,United States,Remote,United States,L
2022,SE,FT,Data Scientist,158200,United States,Remote,United States,L
2022,SE,FT,Data Engineer,209100,United States,Remote,United States,L
2022,SE,FT,Data Engineer,154600,United States,Remote,United States,L
2022,SE,FT,Data Analyst,115934,United States,On-site,United States,M
2022,SE,FT,Data Analyst,81666,United States,On-site,United States,M
2022,SE,FT,Data Engineer,175000,United States,Remote,United States,M
2022,MI,FT,Data Engineer,98158,Great Britain,On-site,Great Britain,M
2022,MI,FT,Data Analyst,58000,United States,On-site,United States,S
2022,SE,FT,Data Engineer,183600,United States,Remote,United States,L
2022,MI,FT,Data Analyst,52351,Great Britain,Remote,Great Britain,M
2022,SE,FT,Data Scientist,180000,United States,Remote,United States,M
2022,MI,FT,Data Scientist,71982,Great Britain,On-site,Great Britain,M
2022,MI,FT,Data Scientist,45807,Great Britain,On-site,Great Britain,M
2022,MI,FT,Data Engineer,65949,Greece,Remote,Greece,M
2022,MI,FT,Data Engineer,49461,Greece,Remote,Greece,M
2022,MI,FT,Data Engineer,78526,Great Britain,Remote,Great Britain,M
2022,MI,FT,Data Engineer,58894,Great Britain,Remote,Great Britain,M
2022,SE,FT,Data Scientist,260000,United States,Remote,United States,M
2022,SE,FT,Data Science Engineer,60000,Argentina,Remote,Mexico,L
2022,MI,FT,Data Engineer,63900,United States,On-site,United States,M
2022,MI,FT,Machine Learning Scientist,160000,United States,Remote,United States,L
2022,MI,FT,Machine Learning Scientist,112300,United States,Remote,United States,L
2022,MI,FT,Data Science Manager,241000,United States,Remote,United States,M
2022,MI,FT,Data Science Manager,159000,United States,Remote,United States,M
2022,SE,FT,Data Scientist,180000,United States,On-site,United States,M
2022,SE,FT,Data Scientist,80000,United States,On-site,United States,M
2022,MI,FT,Data Engineer,82900,United States,On-site,United States,M
2022,SE,FT,Data Engineer,100800,United States,Remote,United States,L
2022,MI,FT,Data Engineer,49461,Spain,Remote,Spain,M
2022,SE,FT,Data Scientist,140400,United States,On-site,United States,L
2022,MI,FT,Data Analyst,39263,Great Britain,Remote,Great Britain,M
2022,MI,FT,Data Analyst,43966,Spain,Remote,Spain,M
2022,MI,FT,Data Analyst,32974,Spain,Remote,Spain,M
2022,MI,FT,Data Engineer,87932,Spain,Remote,Spain,M
2022,MI,FT,Data Engineer,76940,Spain,Remote,Spain,M
2022,MI,FT,Data Engineer,104702,Great Britain,Remote,Great Britain,M
2022,MI,FT,Data Engineer,91614,Great Britain,Remote,Great Britain,M
2022,MI,FT,Data Engineer,65949,Spain,Remote,Spain,M
2022,MI,FT,Data Engineer,87932,Greece,Remote,Greece,M
2022,SE,FT,Machine Learning Engineer,189650,United States,On-site,United States,M
2022,SE,FT,Machine Learning Engineer,164996,United States,On-site,United States,M
2022,MI,FT,Data Analyst,43966,Greece,Remote,Greece,M
2022,MI,FT,Data Analyst,32974,Greece,Remote,Greece,M
2022,MI,FT,Data Engineer,98158,Great Britain,Remote,Great Britain,M
2022,MI,FT,Data Engineer,78526,Great Britain,Remote,Great Britain,M
2022,SE,FT,Data Scientist,215300,United States,On-site,United States,L
2022,MI,FT,Data Engineer,76940,Greece,Remote,Greece,M
2022,SE,FT,Data Engineer,209100,United States,Remote,United States,L
2022,SE,FT,Data Engineer,154600,United States,Remote,United States,L
2022,SE,FT,Data Engineer,180000,United States,Remote,United States,M
2022,EN,FT,ML Engineer,21983,Portugal,Remote,Portugal,L
2022,SE,FT,Data Engineer,80000,United States,Remote,United States,M
2022,MI,FT,Machine Learning Developer,78791,Canada,Remote,Canada,M
2022,EX,FT,Director of Data Science,196979,Canada,Partially Remote,Canada,L
2022,MI,FT,Machine Learning Engineer,120000,United States,Remote,United States,S
2022,EN,FT,Computer Vision Engineer,125000,United States,On-site,United States,M
2022,MI,FT,NLP Engineer,37236,United States,Partially Remote,United States,L
2022,SE,FT,Data Engineer,105000,United States,Remote,United States,M
2022,SE,FT,Lead Machine Learning Engineer,87932,Germany,On-site,Germany,M
2022,MI,FT,Business Data Analyst,18442,India,Remote,India,M
2022,MI,FT,Data Scientist,31615,India,Remote,India,L
2022,MI,FT,Machine Learning Infrastructure Engineer,58255,Portugal,Partially Remote,Portugal,L
2022,EN,FT,Financial Data Analyst,100000,United States,Partially Remote,United States,L
2022,MI,PT,Data Engineer,54957,Germany,Partially Remote,Germany,L
2022,EN,FT,Data Scientist,18442,India,Remote,India,M
2022,SE,FT,Principal Data Scientist,162674,Germany,Remote,Germany,M
2022,EN,FT,Data Engineer,120000,United States,Remote,United States,M
2022,SE,FT,Research Scientist,144000,United States,Partially Remote,United States,L
2022,SE,FT,Data Scientist,104890,United States,Remote,United States,M
2022,SE,FT,Data Engineer,100000,United States,Remote,United States,M
2022,SE,FT,Data Scientist,140000,United States,Remote,United States,M
2022,MI,FT,Data Analyst,135000,United States,Remote,United States,M
2022,MI,FT,Data Analyst,50000,United States,Remote,United States,M
2022,SE,FT,Data Scientist,220000,United States,Remote,United States,M
2022,SE,FT,Data Scientist,140000,United States,Remote,United States,M
2022,MI,FT,Data Scientist,183228,Great Britain,On-site,Great Britain,M
2022,MI,FT,Data Scientist,91614,Great Britain,On-site,Great Britain,M
2022,SE,FT,Data Scientist,185100,United States,Remote,United States,M
2022,SE,FT,Machine Learning Engineer,220000,United States,Remote,United States,M
2022,MI,FT,Data Scientist,200000,United States,Remote,United States,M
2022,MI,FT,Data Scientist,120000,United States,Remote,United States,M
2022,SE,FT,Machine Learning Engineer,120000,United Arab Emirates,Remote,United Arab Emirates,S
2022,SE,FT,Machine Learning Engineer,65000,United Arab Emirates,Remote,United Arab Emirates,S
2022,EX,FT,Data Engineer,324000,United States,Remote,United States,M
2022,EX,FT,Data Engineer,216000,United States,Remote,United States,M
2022,SE,FT,Data Engineer,210000,United States,Remote,United States,M
2022,SE,FT,Machine Learning Engineer,120000,United States,Remote,United States,M
2022,SE,FT,Data Scientist,230000,United States,Remote,United States,M
2022,EN,PT,Data Scientist,100000,Algeria,Partially Remote,Algeria,M
2022,MI,FL,Data Scientist,100000,Canada,Remote,United States,M
2022,EN,CT,Applied Machine Learning Scientist,31875,Tunisia,Remote,Czechia,M
2022,SE,FT,Head of Data,200000,Malaysia,Remote,United States,M
2022,MI,FT,Principal Data Analyst,75000,Canada,Remote,Canada,S
2022,MI,FT,Data Scientist,35590,Poland,Remote,Poland,L
2022,SE,FT,Machine Learning Developer,78791,Canada,Remote,Canada,M
2022,SE,FT,Data Scientist,100000,Brazil,Remote,United States,M
2022,MI,FT,Machine Learning Scientist,153000,United States,Partially Remote,United States,M
2022,EN,FT,Data Engineer,58035,Pakistan,Remote,Germany,M
2022,SE,FT,Data Scientist,165000,United States,Remote,United States,M
2022,SE,FT,Research Scientist,93427,France,Partially Remote,France,L
2022,EN,FT,Data Scientist,52396,Canada,Remote,Canada,L
2022,SE,FT,Machine Learning Engineer,62651,Netherlands,Remote,Netherlands,L
2022,MI,FT,Head of Data,32974,Estonia,Remote,Estonia,S
2022,EN,FT,Data Scientist,40000,Japan,Remote,Malaysia,L
2022,MI,FT,Machine Learning Engineer,87425,Australia,Remote,Australia,L
2022,SE,FT,Data Engineer,115000,United States,Remote,United States,M
2022,EN,FT,Data Scientist,86703,Australia,Partially Remote,Australia,M
2022,MI,FT,Applied Machine Learning Scientist,75000,Bolivia,Remote,United States,L
2022,MI,FT,Research Scientist,64849,Austria,On-site,Austria,L
2022,EN,FT,Research Scientist,120000,United States,Remote,United States,L
2022,MI,FT,Applied Data Scientist,157000,United States,Remote,United States,L
2022,EN,FT,Computer Vision Software Engineer,150000,Australia,Remote,Australia,S
2022,MI,FT,Business Data Analyst,70912,Canada,Partially Remote,Canada,L
2022,EN,FT,Data Engineer,65000,United States,Remote,United States,S
2022,SE,FT,Machine Learning Engineer,71444,Ireland,Remote,Ireland,S
2022,EN,FT,Data Analytics Engineer,20000,Pakistan,On-site,Pakistan,M
2022,MI,FT,Data Scientist,48000,Russian Federation,Remote,United States,S
2022,SE,FT,Data Science Manager,152500,United States,Remote,United States,M
2022,MI,FT,Data Engineer,68147,France,Remote,France,M
2022,MI,FT,Data Scientist,122346,Switzerland,On-site,Switzerland,L
2022,SE,FT,Applied Data Scientist,380000,United States,Remote,United States,L
2022,MI,FT,Data Scientist,69336,Canada,Remote,Canada,M
2022,EN,FT,Computer Vision Engineer,10000,Portugal,Remote,Luxembourg,M
2022,MI,FT,Data Analyst,20000,Greece,Remote,Greece,S
2022,SE,FT,Data Analytics Lead,405000,United States,Remote,United States,L
2022,MI,FT,Data Scientist,135000,United States,Remote,United States,L
2022,SE,FT,Applied Data Scientist,177000,United States,Remote,United States,L
2022,MI,FT,Data Scientist,78000,United States,Remote,United States,M
2022,SE,FT,Data Analyst,135000,United States,Remote,United States,M
2022,SE,FT,Data Analyst,100000,United States,Remote,United States,M
2022,SE,FT,Data Analyst,90320,United States,Remote,United States,M
2022,MI,FT,Data Analyst,85000,Canada,On-site,Canada,M
2022,MI,FT,Data Analyst,75000,Canada,On-site,Canada,M
2022,SE,FT,Machine Learning Engineer,214000,United States,Remote,United States,M
2022,SE,FT,Machine Learning Engineer,192600,United States,Remote,United States,M
2022,SE,FT,Data Architect,266400,United States,Remote,United States,M
2022,SE,FT,Data Architect,213120,United States,Remote,United States,M
2022,SE,FT,Data Analyst,112900,United States,Remote,United States,M
2022,SE,FT,Data Engineer,155000,United States,Remote,United States,M
2022,MI,FT,Data Scientist,141300,United States,On-site,United States,M
2022,MI,FT,Data Scientist,102100,United States,On-site,United States,M
2022,SE,FT,Data Analyst,115934,United States,Remote,United States,M
2022,SE,FT,Data Analyst,81666,United States,Remote,United States,M
2022,MI,FT,Data Engineer,206699,United States,On-site,United States,M
2022,MI,FT,Data Engineer,99100,United States,On-site,United States,M
2022,SE,FT,Data Engineer,130000,United States,Remote,United States,M
2022,SE,FT,Data Engineer,115000,United States,Remote,United States,M
2022,SE,FT,Data Engineer,110500,United States,Remote,United States,M
2022,SE,FT,Data Engineer,130000,United States,Remote,United States,M
2022,SE,FT,Data Analyst,99050,United States,Remote,United States,M
2022,SE,FT,Data Engineer,160000,United States,Remote,United States,M
2022,SE,FT,Data Scientist,205300,United States,On-site,United States,L
2022,SE,FT,Data Scientist,140400,United States,On-site,United States,L
2022,SE,FT,Data Scientist,176000,United States,Remote,United States,M
2022,SE,FT,Data Scientist,144000,United States,Remote,United States,M
2022,SE,FT,Data Engineer,200100,United States,Remote,United States,M
2022,SE,FT,Data Engineer,160000,United States,Remote,United States,M
2022,SE,FT,Data Engineer,145000,United States,Remote,United States,M
2022,SE,FT,Data Engineer,70500,United States,On-site,United States,M
2022,SE,FT,Data Scientist,205300,United States,On-site,United States,M
2022,SE,FT,Data Scientist,140400,United States,On-site,United States,M
2022,SE,FT,Analytics Engineer,205300,United States,On-site,United States,M
2022,SE,FT,Analytics Engineer,184700,United States,On-site,United States,M
2022,SE,FT,Data Engineer,175100,United States,Remote,United States,M
2022,SE,FT,Data Engineer,140250,United States,Remote,United States,M
2022,SE,FT,Data Analyst,116150,United States,Remote,United States,M
2022,SE,FT,Data Engineer,54000,United States,On-site,United States,M
2022,SE,FT,Data Analyst,170000,United States,Remote,United States,M
2022,MI,FT,Data Analyst,65438,Great Britain,On-site,Great Britain,M
2022,SE,FT,Data Analyst,80000,United States,Remote,United States,M
2022,SE,FT,Data Scientist,140000,United States,Remote,United States,M
2022,SE,FT,Data Scientist,210000,United States,Remote,United States,M
2022,SE,FT,Data Scientist,140000,United States,Remote,United States,M
2022,SE,FT,Data Analyst,100000,United States,Remote,United States,M
2022,SE,FT,Data Analyst,69000,United States,Remote,United States,M
2022,SE,FT,Data Scientist,210000,United States,Remote,United States,M
2022,SE,FT,Data Scientist,140000,United States,Remote,United States,M
2022,SE,FT,Data Scientist,210000,United States,Remote,United States,M
2022,SE,FT,Data Analyst,150075,United States,Remote,United States,M
2022,SE,FT,Data Engineer,100000,United States,Remote,United States,M
2022,SE,FT,Data Engineer,25000,United States,Remote,United States,M
2022,SE,FT,Data Analyst,126500,United States,Remote,United States,M
2022,SE,FT,Data Analyst,106260,United States,Remote,United States,M
2022,SE,FT,Data Engineer,220110,United States,Remote,United States,M
2022,SE,FT,Data Engineer,160080,United States,Remote,United States,M
2022,SE,FT,Data Analyst,105000,United States,Remote,United States,M
2022,SE,FT,Data Analyst,110925,United States,Remote,United States,M
2022,MI,FT,Data Analyst,45807,Great Britain,On-site,Great Britain,M
2022,SE,FT,Data Scientist,140000,United States,Remote,United States,M
2022,SE,FT,Data Analyst,99000,United States,On-site,United States,M
2022,SE,FT,Data Analyst,60000,United States,Remote,United States,M
2022,SE,FT,Data Architect,192564,United States,Remote,United States,M
2022,SE,FT,Data Architect,144854,United States,Remote,United States,M
2022,SE,FT,Data Scientist,230000,United States,Remote,United States,M
2022,SE,FT,Data Scientist,150000,United States,Remote,United States,M
2022,SE,FT,Data Analytics Manager,150260,United States,Remote,United States,M
2022,SE,FT,Data Analytics Manager,109280,United States,Remote,United States,M
2022,SE,FT,Data Scientist,210000,United States,Remote,United States,M
2022,SE,FT,Data Analyst,170000,United States,Remote,United States,M
2022,MI,FT,Data Scientist,160000,United States,Remote,United States,M
2022,MI,FT,Data Scientist,130000,United States,Remote,United States,M
2022,EN,FT,Data Analyst,67000,Canada,On-site,Canada,M
2022,EN,FT,Data Analyst,52000,Canada,On-site,Canada,M
2022,SE,FT,Data Engineer,154000,United States,Remote,United States,M
2022,SE,FT,Data Engineer,126000,United States,Remote,United States,M
2022,SE,FT,Data Analyst,129000,United States,On-site,United States,M
2022,SE,FT,Data Analyst,150000,United States,Remote,United States,M
2022,MI,FT,AI Scientist,200000,India,Remote,United States,L